Cat_ID_timepoint,Cat_ID,Owner_ID,date,dob,Age_years,Breed,Sex,BCS,MCS_combined,hypertensive_sbp,Hypertension,hypertensive_over.study,stHyp,1st_visit_date,1st_visit_age,Censor_visit_date,Censor_visit_age,baseline_dx
Cat001_0.5,Cat001,Own001,19/09/2017,10/11/2009,7.857631759,Non-pedigree,Male,7,NA,97.5,No,No,1,19/09/2017,7.857631759,24/08/2021,11.78644764,No
Cat002_0,Cat002,Own002,08/03/2017,19/03/2009,7.969883641,Non-pedigree,Male,7,30,119.4,No,No,1,08/03/2017,7.969883641,24/01/2024,14.85010267,No
Cat003_0,Cat003,Own003,08/03/2017,08/04/2009,7.915126626,Non-pedigree,Male,6,30,148.3,No,No,1,08/03/2017,7.915126626,08/03/2017,7.915126626,No
Cat004_0,Cat004,Own004,14/03/2017,24/04/2009,7.887748118,Non-pedigree,Female,6,30,149.5,No,No,1,14/03/2017,7.887748118,14/03/2017,7.887748118,No
Cat005_0,Cat005,Own005,28/03/2017,04/06/2009,7.813826146,Non-pedigree,Female,7,30,161.6,Yes,No,1,28/03/2017,7.813826146,22/11/2022,13.46748802,No
Cat006_0,Cat006,Own006,28/03/2017,21/09/2009,7.515400411,Pedigree,Male,4,21,153.4,No,Yes,2,28/03/2017,7.515400411,07/11/2019,10.12731006,No
Cat007_0,Cat007,Own007,19/04/2017,09/04/2010,7.028062971,Pedigree,Male,7,30,141.25,No,Yes,2,19/04/2017,7.028062971,15/06/2021,11.18412047,No
Cat008_0,Cat008,Own007,19/04/2017,09/04/2010,7.028062971,Pedigree,Female,6,30,118.8,No,No,1,19/04/2017,7.028062971,27/06/2023,13.21560575,No
Cat009_1,Cat009,Own008,19/06/2018,04/09/2009,8.788501027,Pedigree,Female,5,30,134,No,No,1,19/06/2018,8.788501027,19/06/2018,8.788501027,No
Cat010_0,Cat010,Own009,03/05/2017,24/06/2010,6.858316222,Non-pedigree,Male,7,30,130,No,No,1,03/05/2017,6.858316222,03/05/2017,6.858316222,No
Cat011_0,Cat011,Own010,09/05/2017,29/03/2010,7.112936345,Non-pedigree,Female,5,30,115.7,No,Yes,2,09/05/2017,7.112936345,08/02/2022,11.86584531,No
Cat012_0,Cat012,Own010,09/05/2017,29/03/2010,7.112936345,Non-pedigree,Female,4,30,108,No,No,1,09/05/2017,7.112936345,26/11/2019,9.661875428,No
Cat013_0,Cat013,Own011,16/05/2017,15/05/2010,7.003422313,Non-pedigree,Male,5,30,123,No,No,1,16/05/2017,7.003422313,24/05/2023,13.02395619,No
Cat014_0,Cat014,Own011,23/05/2017,15/05/2010,7.022587269,Non-pedigree,Female,7,30,99,No,No,1,23/05/2017,7.022587269,20/10/2022,12.43258042,No
Cat015_0,Cat015,Own012,31/05/2017,03/09/2007,9.741273101,Non-pedigree,Male,6,30,200,Yes,Yes,2,31/05/2017,9.741273101,31/05/2017,9.741273101,Yes
Cat016_0,Cat016,Own013,31/05/2017,10/03/2008,9.223819302,Pedigree,Male,6,30,140.2,No,No,1,31/05/2017,9.223819302,29/11/2018,10.72142368,No
Cat017_2,Cat017,Own014,25/04/2019,01/02/2008,11.22792608,Non-pedigree,Female,4,NA,115,No,No,1,25/04/2019,11.22792608,06/07/2022,14.4257358,No
Cat018_0,Cat018,Own015,06/06/2017,12/09/2008,8.73100616,Non-pedigree,Male,4,26,91.2,No,No,1,06/06/2017,8.73100616,05/12/2017,9.229295003,No
Cat019_0,Cat019,Own015,06/06/2017,12/09/2007,9.733059548,Non-pedigree,Female,4,26,120,No,No,1,06/06/2017,9.733059548,05/12/2017,10.23134839,No
Cat020_0,Cat020,Own015,06/06/2017,12/09/2008,8.73100616,Non-pedigree,Male,5,30,111.6,No,No,1,06/06/2017,8.73100616,05/12/2017,9.229295003,No
Cat021_0,Cat021,Own016,07/06/2017,12/09/2007,9.735797399,Non-pedigree,Male,7,30,115.2,No,No,1,07/06/2017,9.735797399,05/02/2020,12.39972621,No
Cat022_0,Cat022,Own017,13/06/2017,19/05/2007,10.0698152,Non-pedigree,Male,4,20,134.8,No,No,1,13/06/2017,10.0698152,13/06/2017,10.0698152,No
Cat023_0,Cat023,Own018,13/06/2017,10/09/2008,8.755646817,Non-pedigree,Male,5,30,122,No,No,1,13/06/2017,8.755646817,11/12/2019,11.24982888,No
Cat024_0,Cat024,Own019,20/06/2017,04/07/2010,6.962354552,Non-pedigree,Female,6,30,87,No,No,1,20/06/2017,6.962354552,22/08/2023,13.13347023,No
Cat025_0,Cat025,Own020,21/06/2017,22/06/2008,8.996577687,Non-pedigree,Male,4,30,98,No,No,1,21/06/2017,8.996577687,03/08/2021,13.11430527,No
Cat026_0,Cat026,Own021,21/06/2017,14/04/2008,9.185489391,Non-pedigree,Male,6,28,122.4,No,Yes,2,21/06/2017,9.185489391,29/06/2021,13.2073922,No
Cat027_0,Cat027,Own022,27/06/2017,04/02/2009,8.391512663,Non-pedigree,Female,5,30,162,Yes,No,1,27/06/2017,8.391512663,31/01/2023,13.98767967,No
Cat028_0,Cat028,Own023,05/07/2017,12/12/2007,9.563312799,Non-pedigree,Female,8,30,113.3,No,Yes,2,05/07/2017,9.563312799,09/08/2022,14.65845311,No
Cat029_0,Cat029,Own023,05/07/2017,12/12/2007,9.563312799,Non-pedigree,Female,7,NA,115,No,Yes,2,05/07/2017,9.563312799,09/08/2022,14.65845311,No
Cat030_0,Cat030,Own024,18/07/2017,20/12/2008,8.574948665,Non-pedigree,Female,6,24,134,No,No,1,18/07/2017,8.574948665,16/01/2023,14.07255305,No
Cat031_0,Cat031,Own025,18/07/2017,08/08/2007,9.943874059,Pedigree,Female,3,21,150.4,No,No,1,18/07/2017,9.943874059,18/07/2017,9.943874059,No
Cat032_0,Cat032,Own026,19/07/2017,10/07/2009,8.024640657,Non-pedigree,Male,4,30,173.75,Yes,Yes,2,19/07/2017,8.024640657,19/07/2017,8.024640657,Yes
Cat033_0,Cat033,Own027,19/07/2017,08/10/2007,9.779603012,Non-pedigree,Female,7,30,104,No,No,1,19/07/2017,9.779603012,01/02/2022,14.31895962,No
Cat034_0,Cat034,Own024,25/07/2017,25/07/2008,8.999315537,Non-pedigree,Female,8,30,137,No,Yes,2,25/07/2017,8.999315537,26/01/2022,13.50581793,No
Cat035_0,Cat035,Own028,25/07/2017,09/10/2008,8.791238877,Non-pedigree,Male,4,28,142.6,No,No,1,25/07/2017,8.791238877,01/06/2021,12.64339493,No
Cat036_0,Cat036,Own029,25/07/2017,12/02/2008,9.448323066,Non-pedigree,Female,6,26,146.6,No,No,1,25/07/2017,9.448323066,25/07/2017,9.448323066,No
Cat037_0,Cat037,Own030,01/08/2017,30/07/2007,10.00684463,Pedigree,Female,6,30,112,No,No,1,01/08/2017,10.00684463,01/08/2017,10.00684463,No
Cat038_0,Cat038,Own031,01/08/2017,05/10/2007,9.823408624,Non-pedigree,Male,4,30,152.5,No,Yes,2,01/08/2017,9.823408624,29/10/2020,13.06776181,No
Cat039_0,Cat039,Own004,02/08/2017,28/05/2010,7.181382615,Non-pedigree,Male,3,30,110,No,No,1,02/08/2017,7.181382615,12/09/2018,8.292950034,No
Cat040_1.5,Cat040,Own032,24/04/2019,27/08/2008,10.65571526,Non-pedigree,Female,5,NA,140,No,No,1,24/04/2019,10.65571526,24/01/2024,15.40862423,No
Cat041_0,Cat041,Own033,09/08/2017,30/10/2007,9.776865161,Non-pedigree,Female,5,30,110,No,No,1,09/08/2017,9.776865161,22/08/2023,15.8110883,No
Cat042_0,Cat042,Own034,09/08/2017,03/09/2007,9.932922656,Non-pedigree,Male,5,30,127,No,Yes,2,09/08/2017,9.932922656,18/01/2022,14.37645448,No
Cat043_0,Cat043,Own035,15/08/2017,01/01/2009,8.618754278,Non-pedigree,Female,4,30,108,No,No,1,15/08/2017,8.618754278,12/07/2023,14.52429843,No
Cat044_0,Cat044,Own036,16/08/2017,21/04/2009,8.320328542,Non-pedigree,Female,5,24,133,No,No,1,16/08/2017,8.320328542,08/08/2023,14.29705681,No
Cat045_0,Cat045,Own037,16/08/2017,08/04/2009,8.355920602,Non-pedigree,Male,7,NA,140,No,Yes,2,16/08/2017,8.355920602,28/07/2021,12.30390144,No
Cat046_0,Cat046,Own025,16/08/2017,08/08/2007,10.02327173,Pedigree,Female,6,30,121.5,No,No,1,16/08/2017,10.02327173,24/01/2023,15.46338125,No
Cat047_0,Cat047,Own038,22/08/2017,02/05/2009,8.306639288,Non-pedigree,Female,5,22,138.4,No,No,1,22/08/2017,8.306639288,22/08/2017,8.306639288,No
Cat048_0,Cat048,Own039,23/08/2017,19/07/2008,9.095140315,Non-pedigree,Male,5,30,108.3,No,Yes,2,23/08/2017,9.095140315,05/11/2020,12.29842574,No
Cat049_0,Cat049,Own040,30/08/2017,26/08/2007,10.01232033,Non-pedigree,Female,7,30,110.8,No,No,1,30/08/2017,10.01232033,08/10/2019,12.11772758,No
Cat050_0,Cat050,Own041,12/09/2017,23/10/2007,9.889117043,Non-pedigree,Female,5,26,98,No,No,1,12/09/2017,9.889117043,26/09/2019,11.92607803,No
Cat051_0,Cat051,Own042,12/09/2017,27/10/2008,8.876112252,Non-pedigree,Female,4,30,182,Yes,Yes,2,12/09/2017,8.876112252,12/09/2017,8.876112252,Yes
Cat052_0,Cat052,Own043,13/09/2017,20/12/2008,8.73100616,Non-pedigree,Female,6,30,136.2,No,No,1,13/09/2017,8.73100616,20/10/2022,13.83162218,No
Cat053_0,Cat053,Own044,19/09/2017,11/06/2010,7.274469541,Non-pedigree,Male,6,30,140,No,No,1,19/09/2017,7.274469541,06/12/2023,13.48665298,No
Cat054_0,Cat054,Own045,20/09/2017,10/08/2010,7.112936345,Non-pedigree,Male,6,28,129.4,No,No,1,20/09/2017,7.112936345,31/08/2023,13.0568104,No
Cat055_0,Cat055,Own046,20/09/2017,06/08/2010,7.123887748,Non-pedigree,Female,5,30,143.8,No,No,1,20/09/2017,7.123887748,27/08/2019,9.056810404,No
Cat056_0,Cat056,Own047,26/09/2017,26/03/2008,9.503080082,Non-pedigree,Male,4,30,111,No,Yes,2,26/09/2017,9.503080082,17/05/2022,14.14099932,No
Cat057_0,Cat057,Own048,27/09/2017,28/03/2008,9.500342231,Non-pedigree,Female,7,30,155,No,No,1,27/09/2017,9.500342231,27/09/2017,9.500342231,No
Cat058_0,Cat058,Own047,27/09/2017,27/09/2010,7.000684463,Non-pedigree,Male,4,30,120,No,No,1,27/09/2017,7.000684463,13/12/2023,13.21013005,No
Cat059_0,Cat059,Own049,03/10/2017,05/03/2008,9.579739904,Non-pedigree,Female,6,28,134,No,No,1,03/10/2017,9.579739904,24/10/2018,10.63655031,No
Cat060_0,Cat060,Own050,03/10/2017,16/09/2010,7.047227926,Non-pedigree,Female,7,30,135.6,No,No,1,03/10/2017,7.047227926,22/06/2021,10.7652293,No
Cat061_0,Cat061,Own047,04/10/2017,01/05/2009,8.427104723,Non-pedigree,Female,5,30,142,No,No,1,04/10/2017,8.427104723,31/10/2019,10.49965777,No
Cat062_0,Cat062,Own051,04/10/2017,09/08/2007,10.15468857,Non-pedigree,Female,6,30,110,No,No,1,04/10/2017,10.15468857,25/04/2018,10.71047228,No
Cat063_0,Cat063,Own052,24/10/2017,22/11/2007,9.921971253,Non-pedigree,Male,6,30,177.4,Yes,Yes,2,24/10/2017,9.921971253,24/10/2017,9.921971253,Yes
Cat064_0,Cat064,Own052,24/10/2017,01/08/2010,7.230663929,Non-pedigree,Female,8,26,120.6,No,No,1,24/10/2017,7.230663929,03/10/2019,9.171800137,No
Cat065_0,Cat065,Own053,24/10/2017,24/10/2008,8.999315537,Non-pedigree,Female,5,28,131,No,No,1,24/10/2017,8.999315537,01/11/2018,10.02053388,No
Cat066_0,Cat066,Own053,24/10/2017,24/10/2008,8.999315537,Non-pedigree,Female,4,21,124.2,No,No,1,24/10/2017,8.999315537,01/11/2018,10.02053388,No
Cat067_0,Cat067,Own047,31/10/2017,27/09/2010,7.093771389,Pedigree,Male,6,30,110.8,No,No,1,31/10/2017,7.093771389,25/01/2024,13.32785763,No
Cat068_0,Cat068,Own054,08/11/2017,26/09/2009,8.117727584,Non-pedigree,Male,7,NA,112,No,No,1,08/11/2017,8.117727584,12/12/2019,10.20944559,No
Cat069_0,Cat069,Own055,21/11/2017,26/12/2009,7.904175222,Pedigree,Male,6,30,157,No,No,1,21/11/2017,7.904175222,19/12/2023,13.97946612,No
Cat070_0,Cat070,Own056,21/11/2017,05/10/2009,8.128678987,Non-pedigree,Female,5,30,135.2,No,No,1,21/11/2017,8.128678987,14/11/2023,14.10814511,No
Cat071_1,Cat071,Own057,04/12/2018,20/10/2010,8.123203285,Non-pedigree,Female,4,30,109.6,No,No,1,04/12/2018,8.123203285,21/07/2021,10.75154004,No
Cat072_0,Cat072,Own058,05/12/2017,14/09/2010,7.225188227,Non-pedigree,Male,6,30,128.2,No,Yes,2,05/12/2017,7.225188227,01/02/2022,11.38398357,No
Cat073_0,Cat073,Own059,09/01/2018,31/01/2007,10.94045175,Non-pedigree,Male,7,30,107.2,No,No,1,09/01/2018,10.94045175,18/01/2022,14.96509,No
Cat074_0,Cat074,Own060,16/01/2018,01/05/2009,8.711841205,Non-pedigree,Male,8,30,132.4,No,No,1,16/01/2018,8.711841205,15/12/2022,13.62354552,No
Cat075_0,Cat075,Own061,17/01/2018,20/01/2011,6.99247091,Pedigree,Male,7,30,111.6,No,No,1,17/01/2018,6.99247091,06/04/2022,11.20876112,No
Cat076_0,Cat076,Own062,23/01/2018,16/04/2010,7.772758385,Non-pedigree,Female,7,30,130,No,Yes,2,23/01/2018,7.772758385,21/09/2022,12.43258042,No
Cat077_0,Cat077,Own063,24/01/2018,01/03/2010,7.901437372,Non-pedigree,Female,5,30,130.4,No,No,1,24/01/2018,7.901437372,19/10/2023,13.63449692,No
Cat078_0,Cat078,Own063,24/01/2018,01/03/2010,7.901437372,Non-pedigree,Female,8,28,140.8,No,Yes,2,24/01/2018,7.901437372,08/03/2022,12.01916496,No
Cat079_0,Cat079,Own064,24/01/2018,09/06/2009,8.62696783,Non-pedigree,Male,6,30,136,No,No,1,24/01/2018,8.62696783,10/01/2023,13.58795346,No
Cat080_0,Cat080,Own065,30/01/2018,15/05/2009,8.711841205,Pedigree,Male,5,24,114.4,No,No,1,30/01/2018,8.711841205,14/07/2020,11.16495551,No
Cat081_0.5,Cat081,Own066,25/07/2018,13/03/2008,10.36550308,Non-pedigree,Female,7,NA,155,No,Yes,2,25/07/2018,10.36550308,22/01/2019,10.86105407,No
Cat082_0,Cat082,Own067,30/01/2018,21/04/2008,9.776865161,Non-pedigree,Female,5,30,111.6,No,No,1,30/01/2018,9.776865161,10/07/2023,15.21697467,No
Cat083_0,Cat083,Own068,31/01/2018,05/02/2011,6.986995209,Non-pedigree,Male,4,23,161.74,Yes,Yes,2,31/01/2018,6.986995209,31/01/2018,6.986995209,Yes
Cat084_0,Cat084,Own068,31/01/2018,05/02/2011,6.986995209,Non-pedigree,Female,5,30,126.8,No,No,1,31/01/2018,6.986995209,29/01/2020,8.980150582,No
Cat085_0,Cat085,Own069,31/01/2018,06/01/2009,9.067761807,Non-pedigree,Female,6,30,139.6,No,No,1,31/01/2018,9.067761807,20/07/2020,11.53456537,No
Cat086_0,Cat086,Own070,06/02/2018,21/05/2010,7.715263518,Non-pedigree,Male,6,30,128,No,No,1,06/02/2018,7.715263518,26/07/2018,8.180698152,No
Cat087_0,Cat087,Own071,06/02/2018,01/04/2008,9.850787132,Non-pedigree,Male,6,30,127.6,No,No,1,06/02/2018,9.850787132,08/11/2023,15.60301164,No
Cat088_0,Cat088,Own072,13/02/2018,01/04/2008,9.869952088,Non-pedigree,Male,8,30,125.6,No,No,1,13/02/2018,9.869952088,13/02/2018,9.869952088,No
Cat089_0,Cat089,Own073,13/02/2018,01/05/2008,9.787816564,Non-pedigree,Male,7,26,142,No,No,1,13/02/2018,9.787816564,13/02/2018,9.787816564,No
Cat090_0,Cat090,Own074,14/02/2018,14/04/2010,7.838466804,Pedigree,Male,6,26,134,No,Yes,2,14/02/2018,7.838466804,08/07/2022,12.23271732,No
Cat091_0,Cat091,Own074,14/02/2018,14/04/2010,7.838466804,Pedigree,Male,5,26,121.5,No,No,1,14/02/2018,7.838466804,10/01/2023,12.74195756,No
Cat092_0,Cat092,Own075,20/02/2018,20/02/2009,8.999315537,Pedigree,Male,5,30,140,No,Yes,2,20/02/2018,8.999315537,03/08/2021,12.44900753,No
Cat093_0,Cat093,Own075,20/02/2018,20/04/2008,9.837097878,Non-pedigree,Male,5,30,120,No,No,1,20/02/2018,9.837097878,27/09/2023,15.43600274,No
Cat094_0,Cat094,Own075,20/02/2018,01/02/2009,9.051334702,Non-pedigree,Male,4,26,130,No,Yes,2,20/02/2018,9.051334702,09/02/2022,13.02121834,No
Cat095_0,Cat095,Own076,21/02/2018,01/03/2010,7.978097194,Non-pedigree,Male,4,28,120.4,No,Yes,2,21/02/2018,7.978097194,15/02/2022,11.96167009,No
Cat096_0,Cat096,Own077,27/02/2018,14/10/2010,7.37303217,Non-pedigree,Female,7,30,108.2,No,No,1,27/02/2018,7.37303217,23/11/2021,11.11019849,No
Cat097_0,Cat097,Own078,28/02/2018,18/09/2008,9.445585216,Non-pedigree,Male,3,24,177,Yes,No,1,28/02/2018,9.445585216,19/02/2019,10.4202601,No
Cat098_0,Cat098,Own079,13/03/2018,13/12/2009,8.246406571,Non-pedigree,Female,6,30,108,No,No,1,13/03/2018,8.246406571,11/10/2018,8.826830938,No
Cat099_0,Cat099,Own080,13/03/2018,14/07/2008,9.661875428,Non-pedigree,Male,4,30,127.5,No,No,1,13/03/2018,9.661875428,27/11/2019,11.37029432,No
Cat100_0,Cat100,Own068,14/03/2018,22/09/2009,8.473648186,Non-pedigree,Female,8,24,138.4,No,No,1,14/03/2018,8.473648186,24/09/2020,11.00616016,No
Cat101_0,Cat101,Own068,14/03/2018,02/06/2010,7.780971937,Non-pedigree,Female,4,28,124.8,No,No,1,14/03/2018,7.780971937,16/03/2022,11.78644764,No
Cat102_0,Cat102,Own081,20/03/2018,01/07/2009,8.717316906,Non-pedigree,Male,5,30,112.8,No,No,1,20/03/2018,8.717316906,31/10/2023,14.33264887,No
Cat103_0,Cat103,Own082,21/03/2018,20/04/2008,9.916495551,Pedigree,Male,6,30,138.2,No,Yes,2,21/03/2018,9.916495551,23/11/2021,13.59342916,No
Cat104_0,Cat104,Own083,28/03/2018,26/08/2008,9.585215606,Non-pedigree,Female,8,30,125.6,No,No,1,28/03/2018,9.585215606,02/08/2023,14.93223819,No
Cat105_0,Cat105,Own084,10/04/2018,01/11/2010,7.438740589,Non-pedigree,Female,7,30,117,No,Yes,2,10/04/2018,7.438740589,14/12/2021,11.11841205,No
Cat107_0,Cat107,Own084,11/04/2018,01/07/2007,10.77891855,Non-pedigree,Female,5,30,115.6,No,No,1,11/04/2018,10.77891855,27/06/2023,15.9890486,No
Cat108_0,Cat108,Own084,11/04/2018,01/07/2008,9.776865161,Non-pedigree,Male,8,30,109.2,No,No,1,11/04/2018,9.776865161,18/04/2019,10.79534565,No
Cat109_0,Cat109,Own086,17/04/2018,09/04/2011,7.022587269,Pedigree,Male,6,30,134,No,No,1,17/04/2018,7.022587269,23/05/2023,12.12046543,No
Cat110_0,Cat110,Own087,17/04/2018,01/04/2011,7.044490075,Non-pedigree,Female,5,30,137.6,No,Yes,2,17/04/2018,7.044490075,05/11/2020,9.59890486,No
Cat111_0,Cat111,Own088,18/04/2018,05/04/2008,10.03422313,Non-pedigree,Male,5,30,131.6,No,No,1,18/04/2018,10.03422313,18/04/2018,10.03422313,No
Cat112_0,Cat112,Own089,09/05/2018,18/09/2009,8.637919233,Non-pedigree,Male,6,28,123.2,No,Yes,2,09/05/2018,8.637919233,28/04/2022,12.60780287,No
Cat113_0,Cat113,Own089,09/05/2018,05/02/2008,10.25598905,Non-pedigree,Female,4,23,153,No,No,1,09/05/2018,10.25598905,07/11/2018,10.75427789,No
Cat114_0,Cat114,Own090,05/05/2018,05/02/2011,7.244353183,Non-pedigree,Female,5,30,112,No,No,1,05/05/2018,7.244353183,12/07/2023,12.42984257,No
Cat115_0,Cat115,Own091,16/05/2018,01/01/2010,8.369609856,Non-pedigree,Female,5,30,130,No,No,1,16/05/2018,8.369609856,03/11/2022,12.83778234,No
Cat116_0,Cat116,Own092,22/05/2018,14/09/2010,7.685147159,Pedigree,Female,6,30,142,No,No,1,22/05/2018,7.685147159,22/11/2019,9.188227242,No
Cat117_0,Cat117,Own093,22/05/2018,22/06/2011,6.915811088,Non-pedigree,Female,5,30,110,No,No,1,22/05/2018,6.915811088,14/11/2023,12.39698836,No
Cat119_0,Cat119,Own095,13/06/2018,13/06/2009,8.999315537,Non-pedigree,Female,7,28,136,No,No,1,13/06/2018,8.999315537,21/01/2020,10.60643395,No
Cat120_0,Cat120,Own096,10/07/2018,10/07/2009,8.999315537,Non-pedigree,Male,6,30,124,No,No,1,10/07/2018,8.999315537,02/07/2019,9.976728268,No
Cat121_0,Cat121,Own097,10/07/2018,17/09/2008,9.80971937,Non-pedigree,Male,7,27,120,No,No,1,10/07/2018,9.80971937,10/07/2018,9.80971937,No
Cat122_0,Cat122,Own097,10/07/2018,10/07/2010,8,Non-pedigree,Male,9,30,137.6,No,Yes,2,10/07/2018,8,25/01/2022,11.54551677,No
Cat123_0,Cat123,Own096,17/07/2018,22/05/2011,7.154004107,Non-pedigree,Male,5,24,149,No,No,1,17/07/2018,7.154004107,13/12/2023,12.56125941,No
Cat124_0,Cat124,Own098,19/07/2018,16/02/2007,11.41957563,Non-pedigree,Male,7,26,170,Yes,Yes,2,19/07/2018,11.41957563,19/07/2018,11.41957563,Yes
Cat125_0,Cat125,Own099,24/07/2018,24/07/2010,8,Non-pedigree,Male,5,30,109,No,No,1,24/07/2018,8,07/07/2020,9.954825462,No
Cat127_0,Cat127,Own101,31/07/2018,28/04/2010,8.257357974,Non-pedigree,Female,6,30,113,No,No,1,31/07/2018,8.257357974,29/01/2019,8.755646817,No
Cat128_0,Cat128,Own101,31/07/2018,28/04/2010,8.257357974,Non-pedigree,Male,6,30,108,No,No,1,31/07/2018,8.257357974,31/07/2018,8.257357974,No
Cat129_0,Cat129,Own102,31/07/2018,31/07/2008,9.998631075,Pedigree,Male,7,26,160,Yes,Yes,2,31/07/2018,9.998631075,31/07/2018,9.998631075,Yes
Cat130_0,Cat130,Own103,01/08/2018,01/08/2010,8,Non-pedigree,Female,6,30,121.5,No,No,1,01/08/2018,8,01/08/2018,8,No
Cat131_0,Cat131,Own061,01/08/2018,28/05/2011,7.178644764,Pedigree,Female,5,30,106,No,No,1,01/08/2018,7.178644764,31/08/2021,10.26146475,No
Cat132_0,Cat132,Own104,02/08/2018,01/08/2011,7.003422313,Non-pedigree,Male,4,30,118.6,No,No,1,02/08/2018,7.003422313,02/08/2018,7.003422313,No
Cat133_0,Cat133,Own099,09/08/2018,09/08/2010,8,Non-pedigree,Female,5,30,100,No,No,1,09/08/2018,8,13/08/2020,10.01232033,No
Cat134_0,Cat134,Own105,29/08/2018,21/08/2011,7.022587269,Non-pedigree,Male,6,30,130,No,No,1,29/08/2018,7.022587269,25/01/2024,12.42984257,No
Cat135_0,Cat135,Own106,29/08/2018,01/05/2009,9.327857632,Non-pedigree,Female,6,28,109,No,No,1,29/08/2018,9.327857632,29/08/2018,9.327857632,No
Cat136_0,Cat136,Own107,05/09/2018,01/06/2011,7.263518138,Non-pedigree,Female,8,30,146,No,No,1,05/09/2018,7.263518138,05/09/2018,7.263518138,No
Cat137_0,Cat137,Own107,05/09/2018,01/06/2011,7.263518138,Non-pedigree,Male,7,30,140,No,No,1,05/09/2018,7.263518138,05/09/2018,7.263518138,No
Cat138_0,Cat138,Own108,06/09/2018,31/07/2009,9.100616016,Pedigree,Male,5,30,139,No,No,1,06/09/2018,9.100616016,17/03/2020,10.62833676,No
Cat139_0,Cat139,Own109,11/09/2018,01/07/2011,7.197809719,Non-pedigree,Female,6,NA,132,No,No,1,11/09/2018,7.197809719,02/08/2023,12.08761123,No
Cat140_0,Cat140,Own110,12/09/2018,01/09/2011,7.030800821,Non-pedigree,Female,7,26,132,No,Yes,2,12/09/2018,7.030800821,28/07/2021,9.905544148,No
Cat141_0,Cat141,Own110,12/09/2018,01/09/2009,9.029431896,Non-pedigree,Male,7,28,127.2,No,Yes,2,12/09/2018,9.029431896,28/07/2021,11.90417522,No
Cat142_0,Cat142,Own111,03/10/2018,01/10/2010,8.005475702,Non-pedigree,Female,5,NA,132,No,No,1,03/10/2018,8.005475702,19/10/2022,12.04928131,No
Cat143_0,Cat143,Own111,03/10/2018,01/10/2009,9.004791239,Non-pedigree,Male,6,NA,134,No,No,1,03/10/2018,9.004791239,28/04/2022,12.57221081,No
Cat144_0,Cat144,Own112,17/10/2018,22/08/2010,8.153319644,Pedigree,Female,4,23,122,No,No,1,17/10/2018,8.153319644,09/04/2019,8.629705681,No
Cat145_0,Cat145,Own113,18/10/2018,08/08/2010,8.194387406,Non-pedigree,Male,8,30,113,No,No,1,18/10/2018,8.194387406,24/05/2022,11.79192334,No
Cat146_0,Cat146,Own114,23/10/2018,01/07/2011,7.312799452,Non-pedigree,Male,8,NA,132,No,No,1,23/10/2018,7.312799452,30/11/2021,10.41752225,No
Cat147_0,Cat147,Own115,23/10/2018,01/06/2010,8.394250513,Non-pedigree,Female,7,30,110,No,No,1,23/10/2018,8.394250513,10/10/2023,13.35797399,No
Cat148_0,Cat148,Own116,30/10/2018,03/07/2011,7.326488706,Non-pedigree,Female,8,30,132,No,No,1,30/10/2018,7.326488706,05/11/2019,8.342231348,No
Cat149_0,Cat149,Own117,31/10/2018,02/09/2011,7.162217659,Non-pedigree,Male,6,28,136,No,No,1,31/10/2018,7.162217659,24/04/2023,11.64134155,No
Cat150_0,Cat150,Own115,31/10/2018,01/06/2010,8.41615332,Non-pedigree,Male,5,30,95,No,No,1,31/10/2018,8.41615332,10/10/2023,13.35797399,No
Cat151_0,Cat151,Own118,13/11/2018,25/10/2011,7.052703628,Non-pedigree,Female,5,30,90,No,No,1,13/11/2018,7.052703628,13/11/2018,7.052703628,No
Cat152_0,Cat152,Own119,14/11/2018,01/11/2011,7.036276523,Non-pedigree,Male,8,30,132,No,Yes,2,14/11/2018,7.036276523,05/11/2020,9.013004791,No
Cat153_0,Cat153,Own120,14/11/2018,01/05/2009,9.538672142,Non-pedigree,Male,6,30,120,No,No,1,14/11/2018,9.538672142,04/12/2019,10.5927447,No
Cat154_0,Cat154,Own121,29/11/2018,08/09/2008,10.22313484,Non-pedigree,Male,6,30,150,No,No,1,29/11/2018,10.22313484,04/07/2019,10.81724846,No
Cat155_0,Cat155,Own122,13/12/2018,01/08/2011,7.367556468,Non-pedigree,Male,9,30,146,No,No,1,13/12/2018,7.367556468,18/06/2019,7.879534565,No
Cat156_0,Cat156,Own122,13/12/2018,01/08/2011,7.367556468,Non-pedigree,Male,6,30,132,No,No,1,13/12/2018,7.367556468,18/06/2019,7.879534565,No
Cat157_0,Cat157,Own123,29/01/2019,01/07/2011,7.58110883,Pedigree,Male,7,30,134,No,No,1,29/01/2019,7.58110883,01/09/2022,11.17043121,No
Cat158_0,Cat158,Own124,31/01/2019,21/07/2009,9.53045859,Non-pedigree,Male,7,30,155,No,No,1,31/01/2019,9.53045859,21/01/2020,10.50239562,No
Cat159_0,Cat159,Own125,12/02/2019,19/01/2012,7.066392882,Pedigree,Male,7,30,140,No,No,1,12/02/2019,7.066392882,18/02/2020,8.082135524,No
Cat160_0,Cat160,Own126,12/02/2019,26/03/2009,9.883641342,Non-pedigree,Male,8,26,138,No,No,1,12/02/2019,9.883641342,18/02/2020,10.89938398,No
Cat161_0,Cat161,Own127,12/02/2019,14/08/2008,10.49691992,Non-pedigree,Female,4,20,132,No,No,1,12/02/2019,10.49691992,18/02/2020,11.51266256,No
Cat162_0,Cat162,Own128,12/02/2019,15/08/2010,8.495550992,Non-pedigree,Female,7,30,134,No,No,1,12/02/2019,8.495550992,18/02/2020,9.511293634,No
Cat163_0,Cat163,Own076,14/02/2019,16/01/2012,7.080082136,Non-pedigree,Female,6,30,133,No,No,1,14/02/2019,7.080082136,31/08/2023,11.62217659,No
Cat164_0,Cat164,Own129,20/02/2019,15/04/2011,7.852156057,Pedigree,Female,5,30,141,No,No,1,20/02/2019,7.852156057,07/12/2021,10.64750171,No
Cat165_0,Cat165,Own130,26/02/2019,01/08/2009,9.571526352,Non-pedigree,Female,7,30,140,No,No,1,26/02/2019,9.571526352,31/08/2023,14.0807666,No
Cat166_0,Cat166,Own131,18/04/2019,06/03/2011,8.117727584,Non-pedigree,Female,9,30,130.4,No,No,1,18/04/2019,8.117727584,31/10/2023,12.65434634,No
Cat167_0,Cat167,Own132,25/04/2019,01/01/2009,10.31074606,Non-pedigree,Female,8,30,139.2,No,Yes,2,25/04/2019,10.31074606,18/01/2022,13.045859,No
Cat168_0,Cat168,Own133,23/05/2019,11/05/2012,7.030800821,Non-pedigree,Female,6,30,100,No,No,1,23/05/2019,7.030800821,19/12/2023,11.60574949,No
Cat169_0,Cat169,Own133,23/05/2019,11/05/2012,7.030800821,Non-pedigree,Male,5,30,130,No,No,1,23/05/2019,7.030800821,03/10/2022,10.39561944,No
Cat170_0,Cat170,Own134,29/05/2019,11/04/2012,7.12936345,Non-pedigree,Female,8,30,114.8,No,No,1,29/05/2019,7.12936345,17/07/2023,11.26351814,No
Cat172_0,Cat172,Own113,29/05/2019,08/08/2010,8.804928131,Non-pedigree,Female,5,30,135.2,No,No,1,29/05/2019,8.804928131,12/06/2023,12.84325804,No
Cat173_0,Cat173,Own135,04/06/2019,29/09/2011,7.679671458,Non-pedigree,Female,4,21,123.6,No,No,1,04/06/2019,7.679671458,04/06/2019,7.679671458,No
Cat174_0,Cat174,Own136,04/06/2019,16/05/2012,7.049965777,Non-pedigree,Female,5,30,118.8,No,No,1,04/06/2019,7.049965777,10/10/2023,11.40041068,No
Cat175_0,Cat175,Own137,05/06/2019,18/05/2012,7.047227926,Non-pedigree,Female,7,29,108,No,No,1,05/06/2019,7.047227926,05/06/2019,7.047227926,No
Cat176_0,Cat176,Own111,12/06/2019,12/06/2012,6.997946612,Non-pedigree,Male,6,30,116,No,No,1,12/06/2019,6.997946612,08/06/2022,9.987679671,No
Cat177_0,Cat177,Own138,12/06/2019,01/03/2009,10.28062971,Non-pedigree,Female,5,22,128,No,No,1,12/06/2019,10.28062971,05/12/2019,10.76249144,No
Cat178_0,Cat178,Own139,03/07/2019,01/09/2009,9.834360027,Non-pedigree,Female,6,26,152.2,No,No,1,03/07/2019,9.834360027,02/02/2022,12.42162902,No
Cat179_0,Cat179,Own068,31/07/2019,01/06/2012,7.162217659,Non-pedigree,Male,6,30,132.4,No,No,1,31/07/2019,7.162217659,24/01/2024,11.64681725,No
Cat180_0,Cat180,Own140,08/08/2019,01/08/2012,7.017111567,Non-pedigree,Female,6,26,119.5,No,No,1,08/08/2019,7.017111567,10/09/2020,8.109514031,No
Cat181_0,Cat181,Own141,15/08/2019,01/08/2011,8.038329911,Non-pedigree,Male,5,30,124,No,No,1,15/08/2019,8.038329911,27/03/2023,11.65229295,No
Cat182_0,Cat182,Own141,15/08/2019,01/08/2011,8.038329911,Non-pedigree,Male,5,30,119.2,No,No,1,15/08/2019,8.038329911,27/03/2023,11.65229295,No
Cat183_0,Cat183,Own142,15/08/2019,01/08/2011,8.038329911,Non-pedigree,Female,8,28,120,No,No,1,15/08/2019,8.038329911,13/02/2020,8.536618754,No
Cat184_0,Cat184,Own062,20/08/2019,01/08/2012,7.049965777,Non-pedigree,Male,7,27,139.3,No,No,1,20/08/2019,7.049965777,22/08/2023,11.05544148,No
Cat186_0,Cat186,Own141,21/08/2019,01/08/2012,7.052703628,Non-pedigree,Female,5,30,160,No,No,1,21/08/2019,7.052703628,21/08/2019,7.052703628,No
Cat187_0,Cat187,Own141,21/08/2019,01/08/2011,8.054757016,Non-pedigree,Male,4,26,140,No,No,1,21/08/2019,8.054757016,15/03/2022,10.6201232,No
Cat188_0,Cat188,Own143,03/09/2019,01/09/2012,7.003422313,Non-pedigree,Female,5,28,117.2,No,No,1,03/09/2019,7.003422313,03/09/2019,7.003422313,No
Cat189_0,Cat189,Own141,04/09/2019,01/09/2011,8.008213552,Non-pedigree,Male,8,28,120,No,No,1,04/09/2019,8.008213552,27/03/2023,11.56741958,No
Cat190_0,Cat190,Own141,04/09/2019,01/09/2010,9.00752909,Non-pedigree,Male,8,30,140,No,Yes,2,04/09/2019,9.00752909,10/03/2020,9.522245038,No
Cat191_0,Cat191,Own141,05/09/2019,03/01/2013,6.669404517,Non-pedigree,Female,9,28,105,No,No,1,05/09/2019,6.669404517,28/03/2023,10.22861054,No
Cat192_0,Cat192,Own141,05/09/2019,01/09/2011,8.010951403,Non-pedigree,Female,5,30,108,No,No,1,05/09/2019,8.010951403,28/03/2023,11.57015743,No
Cat193_0,Cat193,Own141,17/09/2019,01/09/2009,10.04243669,Non-pedigree,Male,5,26,114.25,No,No,1,17/09/2019,10.04243669,28/03/2023,13.5687885,No
Cat194_0,Cat194,Own141,17/09/2019,01/09/2012,7.041752225,Non-pedigree,Female,7,30,120,No,No,1,17/09/2019,7.041752225,28/03/2023,10.56810404,No
Cat195_0,Cat195,Own141,17/09/2019,01/09/2012,7.041752225,Non-pedigree,Female,7,30,117.5,No,No,1,17/09/2019,7.041752225,10/03/2020,7.520876112,No
Cat196_0,Cat196,Own144,17/09/2019,14/05/2012,7.342915811,Pedigree,Female,5,30,97.8,No,No,1,17/09/2019,7.342915811,22/06/2022,10.10540726,No
Cat197_0,Cat197,Own141,19/09/2019,01/09/2012,7.047227926,Non-pedigree,Male,6,30,140,No,Yes,2,19/09/2019,7.047227926,28/09/2021,9.073237509,No
Cat198_0,Cat198,Own141,19/09/2019,01/09/2011,8.049281314,Non-pedigree,Male,6,30,137.5,No,Yes,2,19/09/2019,8.049281314,10/03/2020,8.5229295,No
Cat199_0,Cat199,Own145,24/09/2019,01/10/2010,8.980150582,Non-pedigree,Female,4,26,112.4,No,No,1,24/09/2019,8.980150582,27/09/2023,12.98836413,No
Cat200_0,Cat200,Own061,25/09/2019,15/04/2012,7.44421629,Pedigree,Female,4,26,105,No,No,1,25/09/2019,7.44421629,25/09/2019,7.44421629,No
Cat201_0,Cat201,Own146,01/10/2019,01/01/2011,8.747433265,Non-pedigree,Female,5,26,97,No,No,1,01/10/2019,8.747433265,01/10/2019,8.747433265,No
Cat202_0,Cat202,Own146,01/10/2019,01/01/2012,7.748117728,Non-pedigree,Female,5,26,129,No,No,1,01/10/2019,7.748117728,01/10/2019,7.748117728,No
Cat203_0,Cat203,Own014,08/10/2019,22/09/2012,7.041752225,Non-pedigree,Male,5,30,140,No,Yes,2,08/10/2019,7.041752225,14/12/2021,9.226557153,No
Cat204_0,Cat204,Own031,08/10/2019,01/10/2012,7.017111567,Non-pedigree,Female,7,30,125.8,No,Yes,2,08/10/2019,7.017111567,23/05/2023,10.63928816,No
Cat205_0,Cat205,Own147,10/10/2019,01/01/2012,7.772758385,Non-pedigree,Female,7,30,110,No,No,1,10/10/2019,7.772758385,06/12/2023,11.92881588,No
Cat206_1,Cat206,Own147,01/10/2020,01/01/2012,8.750171116,Non-pedigree,Female,7,30,123,No,No,1,01/10/2020,8.750171116,01/10/2020,8.750171116,No
Cat207_0,Cat207,Own148,04/03/2020,18/01/2013,7.123887748,Pedigree,Male,6,30,143,No,No,1,04/03/2020,7.123887748,08/09/2020,7.638603696,No
Cat209_0,Cat209,Own149,05/03/2020,02/03/2010,10.00958248,Non-pedigree,Female,6,30,110,No,No,1,05/03/2020,10.00958248,10/10/2023,13.60711841,No
